Name,AlternateName,Typ,RAJ2000,DecJ2000,Result,qual,Num Pts,allwise_ra_j2000,allwise_dec_j2000,query_rad
V1369 Cen,V* V1369 Cen,No*,13 54 45.35,-59 09 04.0,"iffy, very sparse",2,24,208.6886609,-59.1511939,2.00
V5666 Sgr,V* V5666 Sgr,No*,18 25 08.76,-22 36 02.6,Too sparse,1,6,276.2862951,-22.600971,2.00
V745 Sco,V* V745 Sco,Sy*,17 55 22.22,-33 14 58.5,No data,0,?,268.8426405,-33.2495447,2.00
V962 Cep,V* V962 Cep,No*,20 54 23.75,+60 17 06.9,Very good,3,118,313.599303,60.2850411,2.00
V1534 Sco,V* V1534 Sco,Sy?,17 15 46.88,-31 28 30.3,No data,0,?,258.9449867,-31.4748936,2.00
V2659 Cyg,V* V2659 Cyg,No*,20 21 42.32,+31 03 29.4,Very good,3,52,305.4263196,31.0582017,2.00
V1535 Sco,V* V1535 Sco,Sy*,17 03 26.17,-35 04 17.8,weird and sparse,1,13,255.8590062,-35.0716979,2.00
V5667 Sgr,V* V5667 Sgr,No*,18 14 25.15,-25 54 34.7,No data,0,1,273.6048012,-25.9095258,2.00
V1658 Sco,OGLE 2015-NOVA-1,No*,17 48 12.82,-32 35 13.4,"No, strange curve",1,130,267.0533603,-32.5867241,2.00
V5668 Sgr,V* V5668 Sgr,No*,18 36 56.82,-28 55 39.9,Good enough,3,41,279.2367595,-28.9277317,2.00
V2944 Oph,V* V2944 Oph,No*,17 29 13.42,-18 46 13.8,"No, strange curve",1,19,262.3059379,-18.7705598,2.00
V5669 Sgr,V* V5669 Sgr,No*,18 03 32.74,-28 16 05.5,Wrong Coords?,0,?,270.8862888,-28.2685103,2.00
V1831 Aql,V* V1831 Aql,No*,19 21 50.15,+15 09 24.8,No data,0,?,290.4589546,15.1570191,2.00
V2949 Oph,V* V2949 Oph,No*,17 34 47.75,-24 09 04.2,No data,0,?,263.6990963,-24.1509651,2.00
V5850 Sgr,V* V5850 Sgr,CV*,18 22 59.25,-19 14 14.8,No data,0,?,,,2.00
V3661 Oph,V* V3661 Oph,No*,17 35 50.41,-29 34 23.8,weird and sparse,2,?,263.9591738,-29.5732416,2.00
V555 Nor,V* V555 Nor,No*,15 41 45.24,-53 08 05.9,No data,0,1,235.4388342,-53.1352839,2.00
V1655 Sco,V* V1655 Sco,No*,17 38 19.31,-37 25 08.7,No data,0,?,264.5798659,-37.4190268,2.00
V5854 Sgr,OGLE 2016-NOVA-2,CV*,17 49 57.33,-29 14 37.9,Flat but plausible,2,217,267.4893795,-29.2440948,2.00
V5853 Sgr,V* V5853 Sgr,No*,18 01 07.78,-26 31 43.4,Different but nice,3,87,270.2823505,-26.5288116,2.00
V1656 Sco,V* V1656 Sco,No*,17 22 51.46,-31 58 37.1,Sparse and noisy,1,10,260.7142783,-31.9769726,2.00
V611 Sct,V* V611 Sct,No*,18 25 29.87,-09 47 32.3,Single Spike,1,10,276.3744086,-9.7923323,2.50
V1659 Sco,V* V1659 Sco,No*,265.7409522,-33.4287598,Single Spike,2,55,265.7407678,-33.4287797,4.00
V407 Lup,V* V407 Lup,No*,15 29 01.79,-44 49 39.5,Faint but distinct,3,44,232.2575517,-44.8278869,2.00
V5855 Sgr,V* V5855 Sgr,No*,18 10 28.29,-27 29 59.3,Sparse but decreasing ina line,2,19,272.6176297,-27.499899,2.00
V5856 Sgr,V* V5856 Sgr,No*,18 20 52.25,-28 22 12.1,Decreasing slowly,3,170,275.2176592,-28.3702255,2.00
V1657 Sco,V* V1657 Sco,No*,253.0776678,-37.9046279,Hiding Nova,2,240,253.0775996,-37.9047903,3.00
V3662 Oph,V* V3662 Oph,No*,264.9413467,-24.9645206,Hiding Nova,2,188,264.9422032,-24.9652702,3.00
V1405 Cen,V* V1405 Cen,No*,13 20 55.35,-63 42 19.1,Two groups,2,34,200.2305577,-63.7052644,2.50
V612 Sct,V* V612 Sct,No*,18 31 45.86,-14 18 55.5,Perfect!!,3,154,277.9411298,-14.3158863,2.50
V549 Vel,V* V549 Vel,No*,08 50 29.61,-47 45 28.3,Beautiful,3,430,132.6233027,-47.7580305,2.50
V3664 Oph,[KW2003] 11,Mi*,17 24 39.95,-24 21 47.3,Strange,0,0,261.166358,-24.3634422,2.00
V1660 Sco,VVV J173034.12-310607.0,CV*,17 30 34.13,-31 06 07.0,No data,0,0,,,2.00
Gaia 18ajn,AT 2018tm,ev,17 49 36.09,-30 55 45.0,Sparse,1,19,267.4003569,-30.929116,3.50
V3663 Oph,PNV J17184490-2454220,No*,17 18 45.04,-24 54 22.1,Garbage,0,11,259.6875874,-24.9062132,2.00
V357 Mus,V* V357 Mus,No*,11 26 12.20,-65 31 08.6,Flat,0,355,171.5627912,-65.5232297,2.00
V1661 Sco,V* V1661 Sco,No*,17 18 06.37,-32 04 27.7,Recent,3,38,259.5267218,-32.0745428,3.50
FM Cir,V* FM Cir,No*,13 53 27.59,-67 25 00.9,Perfect!!,3,201,208.3649695,-67.4170091,2.50
V1662 Sco,V* V1662 Sco,No*,16 48 49.62,-44 57 03.2,Good enough,3,33,252.2069601,-44.95088,3.00
V1663 Sco,V* V1663 Sco,No*,17 03 47.50,-38 16 57.1,Good enough,3,71,255.9480794,-38.2825486,3.00
V3665 Oph,V* V3665 Oph,No*,17 14 02.53,-28 49 23.3,Good enough,3,46,258.5106625,-28.8234698,3.00
V906 Car,V* V906 Car,No*,10 36 15.42,-59 35 53.6,Yeah,3,178,159.0644041,-59.5982689,3.00
V435 CMa,V* V435 CMa,No*,07 13 45.84,-21 12 31.3,Yeah,3,97,108.4409561,-21.2084194,3.00
V5857 Sgr,PNV J18040967-1803581,No*,18 04 09.45,-18 03 55.8,Very Nice,3,too lazy,271.0393917,-18.0655158,3.00
V392 Per,V* V392 Per,No*,04 43 21.36,+47 21 25.8,Interesting object,3,too lazy,70.8390652,47.3570884,3.00
V408 Lup,PNV J15384000-4744500,No*,15 38 43.86,-47 44 42.1,Very Nice,3,too lazy,234.6825402,-47.7447874,3.00
V613 Sct,V* V613 Sct,No*,18 29 22.93,-14 30 44.2,No,0,too lazy,277.3458546,-14.5121574,3.00
V3666 Oph,PNV J17422408-2053088,No*,17 42 24.11,-20 53 08.6,Pretty Good,3,too lazy,265.6004822,-20.8856708,2.00
Gaia 18cew,AT 2018fcz,ev,17 42 38.85,-27 54 37.4,Very Nice,3,too lazy,265.6619147,-27.9105432,3.00
V556 Nor,PNV J16143400-5330050,No*,16 14 34.00,-53 30 05.0,No Data,0,too lazy,243.6367962,-53.5042937,3.00
Gaia 19buy,NOVA Aql 2019,No*,19 03 14.95,+01 20 28.2,Very Nice,3,too lazy,285.8123167,1.3411575,3.00
V1706 Sco,V* V1706 Sco,No*,17 07 34.16,-36 08 21.2,No,0,too lazy,256.892578,-36.1395929,3.00
V3731 Oph,V* V3731 Oph,No*,17 38 35.10,-25 19 02.9,No Data,0,too lazy,264.6452791,-25.3181379,3.00
V2860 Ori,V* V2860 Ori,No*,06 09 57.45,+12 12 25.1,Yay,3,too lazy,92.4893839,12.2068902,3.00
V569 Vul,V* V569 Vul,No*,19 52 08.25,+27 42 20.9,Yay,3,too lazy,298.0345789,27.7056222,3.00
V3890 Sgr,V* V3890 Sgr,No*,18 30 43.28,-24 01 08.9,Single Spike,2,too lazy,277.6803893,-24.0191964,3.00
V3730 Oph,AT 2019qfj,No*,17 38 31.82,-29 03 47.1,No data,0,too lazy,,,3.00
V1707 Sco,V* V1707 Sco,No*,17 37 09.54,-35 10 23.2,No data,0,too lazy,264.2893908,-35.1728909,3.00
V2891 Cyg,V* V2891 Cyg,No*,21 09 25.52,+48 10 51.9,Very nice,3,too lazy,317.3565436,48.1813795,3.00
V659 Sct,V* V659 Sct,No*,18 39 59.70,-10 25 41.9,,,too lazy,279.9988375,-10.4282895,3.00
V1112 Per,TCP J04291888+4354233,No*,04 29 18.70,+43 54 21.5,,,too lazy,67.3278975,43.9064258,3.00
V6593 Sgr,V* V6593 Sgr,No*,17 54 59.90,-21 22 41.3,,,too lazy,268.7501366,-21.3777003,3.00
V1708 Sco,V* V1708 Sco,**,17 23 42.06,-31 03 09.1,,,too lazy,,,3.00
V1391 Cas,V* V1391 Cas,No*,00 11 42.97,+66 11 19.0,,,too lazy,2.9287608,66.1885493,3.00
V6568 Sgr,V* V6568 Sgr,CV*,17 58 08.48,-30 05 37.6,,,too lazy,269.5349808,30.0934833,3.00
YZ Ret,V* YZ Ret,No*,03 58 29.55,-54 46 41.2,,,too lazy,59.6231506,-54.7776192,3.00
V2029 Aql,V* V2029 Aql,No*,19 14 26.30,+14 44 40.0,,,too lazy,288.6091763,14.7438328,3.00
Gaia 20dfb,AT 2020oju,No*,15 25 50.94,-55 10 29.6,,,too lazy,231.4620425,-55.174961,3.00
V6567 Sgr,V* V6567 Sgr,No*,18 22 45.20,-19 36 02.6,,,too lazy,275.6886794,-19.601107,3.00
V2000 Aql,V* V2000 Aql,No*,18 43 53.40,+00 03 51.7,,,too lazy,280.9719118,0.0635541,3.00
V1709 Sco,PNV J17120009-4017560,No*,17 12 00.18,-40 17 56.6,,,too lazy,258.0005397,-40.2991265,3.00
V670 Ser,TCP J18104219-1534184,No*,18 10 42.29,-15 34 18.0,,,too lazy,272.6768158,-15.5716634,3.00
V6566 Sgr,PNV J17561375-2942546,No*,17 56 13.75,-29 42 54.6,,,too lazy,269.0580607,-29.7157863,3.00
Gaia 21eqn,AT 2021abud,No*,15 27 31.61,-55 06 23.8,,,too lazy,,,3.00
Gaia 21esm,AT 2021abxa,No*,17 54 14.14,-24 12 23.5,,,too lazy,,,3.00
Gaia 21ejf,AT 2021aaav,No*,17 32 21.96,-33 01 41.5,,,too lazy,,,3.00
PGIR 21git,AT 2021aadi,No*,18 00 44.88,-21 39 40.5,,,too lazy,,,3.00
Gaia 21dyi,ASASSN -21pa,No*,17 26 19.38,-33 27 10.6,,,too lazy,261.5801246,-33.4528525,3.00
Gaia 21dwe,AT 2021wkq,No*,16 44 50.21,-45 15 48.1,,,too lazy,251.2090032,-45.2631842,3.00
RS Oph,V* RS Oph,Sy*,17 50 13.15,-06 42 28.4,,,too lazy,267.5549905,-6.7078734,3.00
V606 Vul,TCP J20210770+2914093,No*,20 21 07.70,+29 14 09.3,,,too lazy,305.2824757,29.2362459,3.00
V1711 Sco,ASASSN -21lk,No*,17 39 44.74,-36 16 40.5,,,too lazy,264.9365163,-36.2774894,3.00
V1674 Her,NOVA Her 2021,No*,18 57 30.98,+16 53 39.6,,,too lazy,284.378997,16.8945388,3.00
Gaia 21cpb,AT 2021nwn,No*,19 12 38.61,+12 41 34.4,,,too lazy,,,3.00
V2030 Aql,AT 2021kgk,No*,19 07 58.62,+08 43 45.1,,,too lazy,286.9943335,8.729473,3.00
V1710 Sco,V* V1710 Sco,No*,17 09 08.11,-37 30 40.9,,,too lazy,257.2836493,-37.5115487,3.00
V6595 Sgr,V* V6595 Sgr,No*,17 58 16.09,+29 14 56.6,,,too lazy,,,3.00
V6594 Sgr,ASASSN -21eh,No*,18 49 05.05,-19 02 04.2,,,too lazy,282.2711393,-19.034504,3.00
V1405 Cas,NOVA Cas 2021,No*,23 24 47.73,+61 11 14.7,,,too lazy,351.1986955,61.1878091,3.00
V3732 Oph,AT 2021ddo,No*,17 33 14.83,-27 43 10.9,,,too lazy,263.3121491,-27.7196779,3.00
,,,,,,,,,,3.00
,,,,,,,,,,3.00
,,,,,,,,,,3.00
,,,,,,,,,,3.00